"Asset_ID","Rating_PQ","Rating_CQ","MV_PQ","MV_CQ","CC_PQ","CC_CQ","LT_Flag_PQ","LT_Flag_CQ","deltaMV","deltaCC","CheckRating","Check_LT_Flag","CC_MV_Ratio_PQ","CC_MV_Ratio_CQ","delta_CC_MV_ratio"
"22281184","AAA","AAA",854.6081949,623.9078987,9.400690144,6.862986885,"N","N",-230.7002962,-2.537703259,"No Change in Rating","No Change in LT_Flag",0.011000000000117,0.010999999998878,-1.23897420101216e-12
"24395316","AA","AA",412.4956422,413.7673714,4.537452064,4.551441085,"N","N",1.27172919999998,0.0139890210000004,"No Change in Rating","No Change in LT_Flag",0.0109999999995151,0.0109999999990333,-4.81871487156837e-13
"24748907","NR","NR",7.564532183,7.709001181,0,0,"N","N",0.144468998,0,"No Change in Rating","No Change in LT_Flag",0,0,0
"26192936","NA","AAA",0,500.7182899,0,5.507901188,"NA","N",500.7182899,5.507901188,"Missing Asset ID","Missing Asset ID",0,0.0109999999982026,0.0109999999982026
"26193046","NA","AA",0,5390.47705,0,59.29524755,"NA","N",5390.47705,59.29524755,"Missing Asset ID","Missing Asset ID",0,0.011,0.011
"640472","AA","AA",2090434.57,2088079.224,0,0,"N","N",-2355.34600000014,0,"No Change in Rating","No Change in LT_Flag",0,0,0
"16973990","AA","NA",3353.90056,0,36.89290616,0,"N","NA",-3353.90056,-36.89290616,"Missing Asset ID","Missing Asset ID",0.011,0,-0.011
